{
  "train_loss": [
    1.0942516326904297,
    1.0920284986495972,
    1.0553617477416992,
    1.040622353553772,
    0.9995496869087219,
    0.9621183276176453,
    0.9031006693840027,
    0.8496063351631165,
    0.8303892016410828,
    0.7920031547546387,
    0.7497528195381165
  ],
  "train_acc": [
    45.833333333333336,
    29.166666666666668,
    50.0,
    62.5,
    66.66666666666667,
    62.5,
    79.16666666666667,
    75.0,
    79.16666666666667,
    79.16666666666667,
    83.33333333333333
  ],
  "val_loss": [
    1.095051646232605,
    1.0966440439224243,
    1.0982476472854614,
    1.0993106365203857,
    1.0995851755142212,
    1.098350167274475,
    1.0956517457962036,
    1.0935224294662476,
    1.0901545286178589,
    1.0843942165374756,
    1.0757218599319458
  ],
  "val_acc": [
    33.333333333333336,
    33.333333333333336,
    16.666666666666668,
    16.666666666666668,
    16.666666666666668,
    16.666666666666668,
    16.666666666666668,
    16.666666666666668,
    16.666666666666668,
    16.666666666666668,
    16.666666666666668
  ],
  "test_loss": 1.1234850883483887,
  "test_acc": 0.0
}