{
  "train_loss": [
    0.6740173101425171,
    0.6619420647621155,
    0.6198480129241943,
    0.5660996437072754,
    0.5153988599777222,
    0.47891801595687866,
    0.4681491255760193,
    0.41441088914871216,
    0.46746063232421875,
    0.5182768702507019,
    0.4862511157989502
  ],
  "train_acc": [
    60.0,
    80.0,
    80.0,
    80.0,
    80.0,
    80.0,
    80.0,
    80.0,
    80.0,
    80.0,
    80.0
  ],
  "val_loss": [
    0.6943278312683105,
    0.6955591440200806,
    0.6968033909797668,
    0.6986536979675293,
    0.7017831802368164,
    0.7071045637130737,
    0.7148696184158325,
    0.720512330532074,
    0.7265167832374573,
    0.7328259944915771,
    0.7381659150123596
  ],
  "val_acc": [
    50.0,
    50.0,
    50.0,
    50.0,
    50.0,
    50.0,
    50.0,
    50.0,
    50.0,
    50.0,
    50.0
  ]
}