{
  "train_loss": [
    1.0942516326904297,
    1.0920284986495972,
    1.055362343788147,
    1.0406216382980347,
    0.9995514750480652,
    0.9621186256408691,
    0.9031000733375549,
    0.8496091365814209,
    0.830389678478241,
    0.7920045852661133,
    0.7497528195381165
  ],
  "train_acc": [
    45.833333333333336,
    29.166666666666668,
    50.0,
    62.5,
    66.66666666666667,
    62.5,
    79.16666666666667,
    75.0,
    79.16666666666667,
    79.16666666666667,
    83.33333333333333
  ],
  "val_loss": [
    1.0950517654418945,
    1.096643328666687,
    1.0982474088668823,
    1.0993093252182007,
    1.0995784997940063,
    1.0983456373214722,
    1.0956534147262573,
    1.0935295820236206,
    1.090166687965393,
    1.084410309791565,
    1.0757362842559814
  ],
  "val_acc": [
    33.333333333333336,
    33.333333333333336,
    16.666666666666668,
    16.666666666666668,
    16.666666666666668,
    16.666666666666668,
    16.666666666666668,
    16.666666666666668,
    16.666666666666668,
    16.666666666666668,
    16.666666666666668
  ]
}