{
  "train_loss": [
    1.0942516326904297,
    1.0920288562774658,
    1.0553618669509888,
    1.040621280670166,
    0.9995512962341309,
    0.9621149897575378,
    0.9030992388725281,
    0.8496105074882507,
    0.8303887248039246,
    0.7920036315917969,
    0.7497500777244568,
    0.6844892501831055,
    0.676295280456543,
    0.6400379538536072,
    0.6218518614768982,
    0.5736416578292847,
    0.48920536041259766,
    0.5025975108146667,
    0.4715942442417145,
    0.428539901971817,
    0.40229690074920654,
    0.34727466106414795,
    0.3361012637615204,
    0.352992445230484,
    0.29817792773246765,
    0.2673175036907196,
    0.2516880929470062,
    0.21782726049423218,
    0.25161659717559814,
    0.19210343062877655,
    0.15112484991550446,
    0.15012066066265106,
    0.15265098214149475,
    0.10532936453819275,
    0.0952528715133667,
    0.09937780350446701,
    0.09096074104309082,
    0.06669493764638901,
    0.07870939373970032,
    0.03737977519631386,
    0.052438054233789444,
    0.05686764046549797,
    0.034591805189847946,
    0.05659249797463417,
    0.03797680512070656,
    0.027462894096970558,
    0.034212253987789154,
    0.034295279532670975,
    0.031847868114709854,
    0.023656418547034264
  ],
  "train_acc": [
    45.833333333333336,
    29.166666666666668,
    50.0,
    62.5,
    66.66666666666667,
    62.5,
    79.16666666666667,
    75.0,
    79.16666666666667,
    79.16666666666667,
    83.33333333333333,
    87.5,
    83.33333333333333,
    91.66666666666667,
    91.66666666666667,
    95.83333333333333,
    95.83333333333333,
    91.66666666666667,
    87.5,
    91.66666666666667,
    95.83333333333333,
    100.0,
    95.83333333333333,
    100.0,
    95.83333333333333,
    100.0,
    100.0,
    100.0,
    91.66666666666667,
    100.0,
    100.0,
    100.0,
    100.0,
    100.0,
    100.0,
    100.0,
    100.0,
    100.0,
    100.0,
    100.0,
    100.0,
    100.0,
    100.0,
    100.0,
    100.0,
    100.0,
    100.0,
    100.0,
    100.0,
    100.0
  ],
  "val_loss": [
    1.095051646232605,
    1.0966445207595825,
    1.098250389099121,
    1.0993120670318604,
    1.099587082862854,
    1.0983563661575317,
    1.0956617593765259,
    1.0935426950454712,
    1.090173363685608,
    1.0844062566757202,
    1.075729250907898,
    1.0644723176956177,
    1.049597144126892,
    1.031258225440979,
    1.0082095861434937,
    0.9801442623138428,
    0.9465358853340149,
    0.9101500511169434,
    0.8736974596977234,
    0.8426709175109863,
    0.8080079555511475,
    0.7783945202827454,
    0.7661541104316711,
    0.754167377948761,
    0.7284262180328369,
    0.6837684512138367,
    0.6000147461891174,
    0.531173050403595,
    0.5195583701133728,
    0.5145626664161682,
    0.5136155486106873,
    0.5042425990104675,
    0.47535252571105957,
    0.4347037374973297,
    0.3583592474460602,
    0.2659662365913391,
    0.18930275738239288,
    0.11595756560564041,
    0.08586765080690384,
    0.0703749731183052,
    0.08340627700090408,
    0.11362918466329575,
    0.16446402668952942,
    0.20698107779026031,
    0.24365971982479095,
    0.2655472457408905,
    0.22805152833461761,
    0.19358204305171967,
    0.1454048603773117,
    0.10488862544298172
  ],
  "val_acc": [
    33.333333333333336,
    33.333333333333336,
    16.666666666666668,
    16.666666666666668,
    16.666666666666668,
    16.666666666666668,
    16.666666666666668,
    16.666666666666668,
    16.666666666666668,
    16.666666666666668,
    16.666666666666668,
    16.666666666666668,
    16.666666666666668,
    16.666666666666668,
    16.666666666666668,
    50.0,
    66.66666666666667,
    66.66666666666667,
    66.66666666666667,
    66.66666666666667,
    66.66666666666667,
    66.66666666666667,
    66.66666666666667,
    66.66666666666667,
    66.66666666666667,
    66.66666666666667,
    83.33333333333333,
    83.33333333333333,
    83.33333333333333,
    83.33333333333333,
    83.33333333333333,
    83.33333333333333,
    83.33333333333333,
    83.33333333333333,
    83.33333333333333,
    83.33333333333333,
    83.33333333333333,
    100.0,
    100.0,
    100.0,
    100.0,
    100.0,
    83.33333333333333,
    83.33333333333333,
    83.33333333333333,
    83.33333333333333,
    83.33333333333333,
    83.33333333333333,
    83.33333333333333,
    100.0
  ],
  "test_loss": 1.2546697854995728,
  "test_acc": 0.0
}