{
  "train_loss": [
    1.0942516326904297,
    1.0920284986495972,
    1.055361270904541,
    1.0406228303909302,
    0.999552309513092,
    0.9621184468269348,
    0.9030992388725281,
    0.8496050834655762,
    0.830389678478241,
    0.792003333568573,
    0.7497507929801941
  ],
  "train_acc": [
    45.833333333333336,
    29.166666666666668,
    50.0,
    62.5,
    66.66666666666667,
    62.5,
    79.16666666666667,
    75.0,
    79.16666666666667,
    79.16666666666667,
    83.33333333333333
  ],
  "val_loss": [
    1.095051646232605,
    1.096643090248108,
    1.0982460975646973,
    1.0993074178695679,
    1.0995744466781616,
    1.0983353853225708,
    1.0956387519836426,
    1.0935181379318237,
    1.0901528596878052,
    1.0843943357467651,
    1.075721025466919
  ],
  "val_acc": [
    33.333333333333336,
    33.333333333333336,
    16.666666666666668,
    16.666666666666668,
    16.666666666666668,
    16.666666666666668,
    16.666666666666668,
    16.666666666666668,
    16.666666666666668,
    16.666666666666668,
    16.666666666666668
  ],
  "test_loss": 1.1234134435653687,
  "test_acc": 0.0
}