{
  "train_loss": [
    1.0942516326904297,
    1.0920284986495972,
    1.0553613901138306,
    1.040621280670166,
    0.9995517730712891,
    0.9621194005012512,
    0.9031016826629639,
    0.8496047854423523,
    0.8303893208503723,
    0.792003333568573,
    0.7497574687004089,
    0.6844882965087891,
    0.6762904524803162,
    0.6400346755981445,
    0.6218509078025818,
    0.573647677898407,
    0.48920634388923645,
    0.5026023983955383,
    0.47159454226493835,
    0.42854586243629456,
    0.4022964537143707,
    0.34728261828422546,
    0.3360860049724579,
    0.35299932956695557,
    0.29817888140678406,
    0.2673259973526001,
    0.2516937255859375,
    0.21781444549560547,
    0.25163355469703674,
    0.19210629165172577,
    0.1511213630437851,
    0.15011990070343018,
    0.15265607833862305,
    0.10533839464187622,
    0.09527715295553207,
    0.09940895438194275,
    0.09096696972846985,
    0.06668595969676971,
    0.07869136333465576,
    0.03740428760647774,
    0.05246835947036743,
    0.0568784736096859,
    0.03459469974040985,
    0.05661429464817047,
    0.03798952326178551,
    0.027444476261734962,
    0.034014202654361725,
    0.03426847234368324,
    0.0318211130797863,
    0.02364383079111576
  ],
  "train_acc": [
    45.833333333333336,
    29.166666666666668,
    50.0,
    62.5,
    66.66666666666667,
    62.5,
    79.16666666666667,
    75.0,
    79.16666666666667,
    79.16666666666667,
    83.33333333333333,
    87.5,
    83.33333333333333,
    91.66666666666667,
    91.66666666666667,
    95.83333333333333,
    95.83333333333333,
    91.66666666666667,
    87.5,
    91.66666666666667,
    95.83333333333333,
    100.0,
    95.83333333333333,
    100.0,
    95.83333333333333,
    100.0,
    100.0,
    100.0,
    91.66666666666667,
    100.0,
    100.0,
    100.0,
    100.0,
    100.0,
    100.0,
    100.0,
    100.0,
    100.0,
    100.0,
    100.0,
    100.0,
    100.0,
    100.0,
    100.0,
    100.0,
    100.0,
    100.0,
    100.0,
    100.0,
    100.0
  ],
  "val_loss": [
    1.0950517654418945,
    1.0966432094573975,
    1.0982459783554077,
    1.0993081331253052,
    1.0995807647705078,
    1.0983469486236572,
    1.0956497192382812,
    1.0935285091400146,
    1.090158224105835,
    1.0843874216079712,
    1.075714111328125,
    1.064454197883606,
    1.0495892763137817,
    1.0312646627426147,
    1.0082701444625854,
    0.9802170395851135,
    0.9466560482978821,
    0.910301685333252,
    0.8738744258880615,
    0.8428643345832825,
    0.808128833770752,
    0.7785202860832214,
    0.7661665081977844,
    0.7540848851203918,
    0.7282542586326599,
    0.6835646629333496,
    0.6000441908836365,
    0.5314159393310547,
    0.5196028351783752,
    0.5143094658851624,
    0.5131850242614746,
    0.5036739706993103,
    0.4745396077632904,
    0.43375369906425476,
    0.3572686016559601,
    0.26461294293403625,
    0.18778014183044434,
    0.1147279441356659,
    0.0846748948097229,
    0.06920811533927917,
    0.08175362646579742,
    0.11125177145004272,
    0.16129674017429352,
    0.20337212085723877,
    0.23822002112865448,
    0.2587873637676239,
    0.22113752365112305,
    0.18729521334171295,
    0.13998931646347046,
    0.10054228454828262
  ],
  "val_acc": [
    33.333333333333336,
    33.333333333333336,
    16.666666666666668,
    16.666666666666668,
    16.666666666666668,
    16.666666666666668,
    16.666666666666668,
    16.666666666666668,
    16.666666666666668,
    16.666666666666668,
    16.666666666666668,
    16.666666666666668,
    16.666666666666668,
    16.666666666666668,
    16.666666666666668,
    50.0,
    66.66666666666667,
    66.66666666666667,
    66.66666666666667,
    66.66666666666667,
    66.66666666666667,
    66.66666666666667,
    66.66666666666667,
    66.66666666666667,
    66.66666666666667,
    66.66666666666667,
    83.33333333333333,
    83.33333333333333,
    83.33333333333333,
    83.33333333333333,
    83.33333333333333,
    83.33333333333333,
    83.33333333333333,
    83.33333333333333,
    83.33333333333333,
    83.33333333333333,
    83.33333333333333,
    100.0,
    100.0,
    100.0,
    100.0,
    100.0,
    83.33333333333333,
    83.33333333333333,
    83.33333333333333,
    83.33333333333333,
    83.33333333333333,
    83.33333333333333,
    83.33333333333333,
    100.0
  ],
  "test_loss": 1.2520962953567505,
  "test_acc": 0.0
}